auc,accuracy,precision_at_5%,model
0.752855924978687,0.7409510290986515,0.5714285714285714,logistic
0.8993657805678266,0.8658623136976579,1.0,xgboost
